"Average Revenue","Min Revenue","Max Revenue"
182.58478661996645,62.75203408112142,421.44926824040874
