"Gender","Revenue","count"
"Female",431456.8525294412,2654.0
"Male",233246.83505393387,1288.0
