"Campaign","Revenue","count"
"false",510353.153651186,2877.0
"true",154350.53393218986,1065.0
