"Age group","Revenue","count"
"adult",336609.9933324473,1995.0
"middle age",201218.02994653853,1242.0
"senior citizen",87239.15347427392,448.0
"teenager",1351.1631929102793,10.0
"young adult",38285.34763720629,247.0
